fecha,estacion,rio,ph,turbidez_ntu,temperatura_c,oxigeno_disuelto_mg_l,coliformes_fecales_nmp,observaciones
2023-01-01,Estación San Pedro,San Pedro,7.27,6.5,21.1,8.3,68,Muy buena calidad
2023-01-01,Estación Río Calle-Calle,Calle-Calle,7.12,13.5,21.3,8.1,190,Dentro de parámetros
2023-01-01,Estación Río Valdivia,Valdivia,6.81,16.8,22.3,7.6,149,Sedimentos presentes
2023-01-01,Estación Cruces Norte,Cruces,6.67,24.6,22.4,7.1,536,Alerta: contaminación fecal
2023-01-01,Estación Cruces Sur,Cruces,6.34,45,21.7,6.8,900,Alerta: coliformes críticos
2023-01-15,Estación San Pedro,San Pedro,7.45,7.4,20.5,8.2,89,Excelente calidad
2023-01-15,Estación Río Calle-Calle,Calle-Calle,7.01,10.5,20.6,7.7,227,Aceptable
2023-01-15,Estación Río Valdivia,Valdivia,7.07,15.3,20.9,7.9,188,Turbidez moderada
2023-01-15,Estación Cruces Norte,Cruces,6.56,27.0,20.8,7.4,464,Coliformes elevados
2023-01-15,Estación Cruces Sur,Cruces,6.48,43.8,21.4,6.8,785,Alerta máxima
2023-01-30,Estación San Pedro,San Pedro,7.25,6.1,20.2,8.7,70,Óptimo
2023-01-30,Estación Río Calle-Calle,Calle-Calle,7.18,13.2,20.8,7.9,190,Dentro de parámetros
2023-01-30,Estación Río Valdivia,Valdivia,7.02,11.9,19.8,7.9,155,Normal
2023-01-30,Estación Cruces Norte,Cruces,6.71,22.5,19.7,7.2,558,Alerta máxima
2023-01-30,Estación Cruces Sur,Cruces,6.46,42.2,20.3,6.5,748,Alerta máxima
2023-02-15,Estación San Pedro,San Pedro,7.39,6.1,20.7,8.4,58,Óptimo
2023-02-15,Estación Río Calle-Calle,Calle-Calle,6.84,10.5,19.8,7.7,195,Dentro de parámetros
2023-02-15,Estación Río Valdivia,Valdivia,6.91,15.9,19.2,7.8,181,Leve turbidez
2023-02-15,Estación Cruces Norte,Cruces,6.68,29.1,20.4,7.3,436,Precaución: contaminación
2023-02-15,Estación Cruces Sur,Cruces,6.66,42.1,20.6,6.6,713,Alerta: coliformes críticos
2023-03-03,Estación San Pedro,San Pedro,7.39,4.4,14.7,8.5,52,Excelente calidad
2023-03-03,Estación Río Calle-Calle,Calle-Calle,6.92,11.2,15.4,7.9,155,Dentro de parámetros
2023-03-03,Estación Río Valdivia,Valdivia,7.18,10.8,14.4,7.6,129,Aceptable
2023-03-03,Estación Cruces Norte,Cruces,6.98,17.0,16.0,7.5,284,Leve turbidez
2023-03-03,Estación Cruces Sur,Cruces,6.55,28.6,14.3,6.6,624,Alerta: coliformes críticos
2023-03-18,Estación San Pedro,San Pedro,7.24,5.4,17.5,8.3,72,Muy buena calidad
2023-03-18,Estación Río Calle-Calle,Calle-Calle,7.03,12.0,16.4,7.9,167,Dentro de parámetros
2023-03-18,Estación Río Valdivia,Valdivia,6.97,9.1,16.3,7.7,169,Aceptable
2023-03-18,Estación Cruces Norte,Cruces,6.98,21.5,17.5,7.6,441,Coliformes elevados
2023-03-18,Estación Cruces Sur,Cruces,6.39,31.4,16.3,6.6,722,Alerta: contaminación fecal
2023-04-02,Estación San Pedro,San Pedro,7.32,4.3,14.5,8.4,68,Excelente calidad
2023-04-02,Estación Río Calle-Calle,Calle-Calle,7.26,11.6,14.8,8.0,125,Aceptable
2023-04-02,Estación Río Valdivia,Valdivia,7.17,9.3,14.2,7.7,191,Aceptable
2023-04-02,Estación Cruces Norte,Cruces,7.05,18.1,14.4,7.2,441,Nivel preocupante
2023-04-02,Estación Cruces Sur,Cruces,6.69,27.6,15.1,6.7,545,Alerta: contaminación fecal
2023-04-16,Estación San Pedro,San Pedro,7.3,5.2,12.5,8.9,56,Muy buena calidad
2023-04-16,Estación Río Calle-Calle,Calle-Calle,6.96,10.4,11.8,8.1,106,Dentro de parámetros
2023-04-16,Estación Río Valdivia,Valdivia,7.05,12.9,12.6,8.1,130,Dentro de parámetros
2023-04-16,Estación Cruces Norte,Cruces,6.69,15.9,11.8,7.7,275,Leve turbidez
2023-04-16,Estación Cruces Sur,Cruces,6.74,38.7,12.4,6.6,856,Alerta: coliformes críticos
2023-05-01,Estación San Pedro,San Pedro,7.22,5.8,8.9,8.5,44,Excelente calidad
2023-05-01,Estación Río Calle-Calle,Calle-Calle,7.28,9.2,9.1,8.0,139,Dentro de parámetros
2023-05-01,Estación Río Valdivia,Valdivia,7.03,11.1,9.8,7.9,162,Aceptable
2023-05-01,Estación Cruces Norte,Cruces,6.62,23.4,9.5,7.8,445,Precaución: contaminación
2023-05-01,Estación Cruces Sur,Cruces,6.68,26.6,10.3,6.7,534,Alerta: contaminación fecal
2023-05-15,Estación San Pedro,San Pedro,7.49,4.5,8.6,8.8,65,Óptimo
2023-05-15,Estación Río Calle-Calle,Calle-Calle,7.24,9.7,7.8,8.2,143,Dentro de parámetros
2023-05-15,Estación Río Valdivia,Valdivia,7.07,9.3,8.6,7.6,176,Aceptable
2023-05-15,Estación Cruces Norte,Cruces,6.82,18.3,9.4,7.5,391,Coliformes elevados
2023-05-15,Estación Cruces Sur,Cruces,6.25,34.4,9.3,7.0,569,Alerta: coliformes críticos
2023-05-30,Estación San Pedro,San Pedro,7.24,5.4,9.3,8.4,55,Óptimo
2023-05-30,Estación Río Calle-Calle,Calle-Calle,7.04,9.3,9.7,8.0,169,Dentro de parámetros
2023-05-30,Estación Río Valdivia,Valdivia,7.08,9.8,10.5,8.0,184,Dentro de parámetros
2023-05-30,Estación Cruces Norte,Cruces,6.81,22.1,9.9,7.7,438,Precaución: contaminación
2023-05-30,Estación Cruces Sur,Cruces,6.79,32.5,9.4,7.1,607,Alerta: contaminación fecal
2023-06-13,Estación San Pedro,San Pedro,7.4,3.1,7.7,9.0,40,Muy buena calidad
2023-06-13,Estación Río Calle-Calle,Calle-Calle,7.14,6.4,8.3,8.2,98,Muy buena calidad
2023-06-13,Estación Río Valdivia,Valdivia,6.96,7.5,8.3,7.9,91,Óptimo
2023-06-13,Estación Cruces Norte,Cruces,6.8,13.5,8.6,7.5,266,Normal
2023-06-13,Estación Cruces Sur,Cruces,6.81,23.4,7.5,7.1,555,Alerta máxima
2023-06-28,Estación San Pedro,San Pedro,7.35,3.8,8.6,9.0,50,Muy buena calidad
2023-06-28,Estación Río Calle-Calle,Calle-Calle,7.05,5.8,8.5,8.4,100,Aceptable
2023-06-28,Estación Río Valdivia,Valdivia,7.11,8.3,9.1,8.1,114,Normal
2023-06-28,Estación Cruces Norte,Cruces,7.12,14.1,8.1,7.4,218,Normal
2023-06-28,Estación Cruces Sur,Cruces,6.52,23.8,8.2,7.2,363,Nivel preocupante
2023-07-12,Estación San Pedro,San Pedro,7.49,4.3,5.6,9.0,40,Muy buena calidad
2023-07-12,Estación Río Calle-Calle,Calle-Calle,7.04,6.6,5.4,8.2,108,Normal
2023-07-12,Estación Río Valdivia,Valdivia,7.02,7.8,6.5,7.9,85,Muy buena calidad
2023-07-12,Estación Cruces Norte,Cruces,6.73,13.6,6.1,7.4,234,Dentro de parámetros
2023-07-12,Estación Cruces Sur,Cruces,6.42,25.5,6.5,7.2,526,Alerta: coliformes críticos
2023-07-26,Estación San Pedro,San Pedro,7.41,4.3,5.4,8.6,40,Muy buena calidad
2023-07-26,Estación Río Calle-Calle,Calle-Calle,7.3,5.9,5,8.3,106,Aceptable
2023-07-26,Estación Río Valdivia,Valdivia,7.11,7.4,5.8,8.2,137,Aceptable
2023-07-26,Estación Cruces Norte,Cruces,6.92,11.1,5,7.8,205,Normal
2023-07-26,Estación Cruces Sur,Cruces,6.52,19.6,5.9,6.8,364,Nivel preocupante
2023-08-11,Estación San Pedro,San Pedro,7.5,4.4,8.4,8.6,40,Muy buena calidad
2023-08-11,Estación Río Calle-Calle,Calle-Calle,7.2,7.5,8.2,8.4,110,Dentro de parámetros
2023-08-11,Estación Río Valdivia,Valdivia,6.95,8.8,7.8,7.8,135,Normal
2023-08-11,Estación Cruces Norte,Cruces,7.0,15.7,7.7,7.9,242,Leve turbidez
2023-08-11,Estación Cruces Sur,Cruces,6.73,20.8,7.0,7.1,540,Alerta máxima
2023-08-26,Estación San Pedro,San Pedro,7.35,4.2,6.9,8.5,53,Óptimo
2023-08-26,Estación Río Calle-Calle,Calle-Calle,6.99,8.0,7.3,8.0,84,Aceptable
2023-08-26,Estación Río Valdivia,Valdivia,7.16,7.3,8.0,7.9,92,Muy buena calidad
2023-08-26,Estación Cruces Norte,Cruces,7.12,15.4,7.8,7.4,260,Sedimentos presentes
2023-08-26,Estación Cruces Sur,Cruces,6.55,23.3,8.2,6.9,497,Nivel preocupante
2023-09-09,Estación San Pedro,San Pedro,7.26,5.6,9.3,8.4,44,Excelente calidad
2023-09-09,Estación Río Calle-Calle,Calle-Calle,7.03,9.2,9.6,8.3,146,Dentro de parámetros
2023-09-09,Estación Río Valdivia,Valdivia,7.14,11.6,10.7,7.8,128,Aceptable
2023-09-09,Estación Cruces Norte,Cruces,6.94,16.8,10.2,7.5,352,Nivel preocupante
2023-09-09,Estación Cruces Sur,Cruces,6.23,39.5,10.7,6.8,592,Alerta: contaminación fecal
2023-09-23,Estación San Pedro,San Pedro,7.25,5.6,9.5,8.4,47,Excelente calidad
2023-09-23,Estación Río Calle-Calle,Calle-Calle,7.25,9.1,9.7,8.3,103,Aceptable
2023-09-23,Estación Río Valdivia,Valdivia,7.01,11.9,9.5,8.0,176,Normal
2023-09-23,Estación Cruces Norte,Cruces,7.06,18.3,8.9,7.6,335,Coliformes elevados
2023-09-23,Estación Cruces Sur,Cruces,6.74,35.5,10.1,6.5,833,Alerta máxima
2023-10-09,Estación San Pedro,San Pedro,7.32,4.4,15.5,8.7,51,Óptimo
2023-10-09,Estación Río Calle-Calle,Calle-Calle,7.3,8.7,15.3,7.8,148,Dentro de parámetros
2023-10-09,Estación Río Valdivia,Valdivia,7.15,10.1,15.1,8.2,204,Aceptable
2023-10-09,Estación Cruces Norte,Cruces,6.6,17.3,14.1,7.7,368,Nivel preocupante
2023-10-09,Estación Cruces Sur,Cruces,6.22,27.6,15.8,6.7,539,Alerta: contaminación fecal
2023-10-25,Estación San Pedro,San Pedro,7.38,6.2,11.3,8.6,62,Óptimo
2023-10-25,Estación Río Calle-Calle,Calle-Calle,7.05,9.9,12.5,8.4,170,Dentro de parámetros
2023-10-25,Estación Río Valdivia,Valdivia,6.89,9.0,12.8,7.8,164,Dentro de parámetros
2023-10-25,Estación Cruces Norte,Cruces,7.0,22.3,12.8,7.5,416,Precaución: contaminación
2023-10-25,Estación Cruces Sur,Cruces,6.62,37.4,12.6,6.6,786,Alerta máxima
2023-11-08,Estación San Pedro,San Pedro,7.43,5.1,14.5,8.5,55,Excelente calidad
2023-11-08,Estación Río Calle-Calle,Calle-Calle,6.95,9.5,15.8,7.8,112,Normal
2023-11-08,Estación Río Valdivia,Valdivia,7.1,9.9,16.1,7.6,151,Normal
2023-11-08,Estación Cruces Norte,Cruces,6.87,16.5,14.5,7.3,257,Turbidez moderada
2023-11-08,Estación Cruces Sur,Cruces,6.67,30.8,15.1,6.9,763,Alerta: coliformes críticos
2023-11-22,Estación San Pedro,San Pedro,7.31,5.6,16.6,8.8,48,Excelente calidad
2023-11-22,Estación Río Calle-Calle,Calle-Calle,6.91,8.6,16.4,8.3,172,Normal
2023-11-22,Estación Río Valdivia,Valdivia,7.02,9.1,16.6,7.6,160,Normal
2023-11-22,Estación Cruces Norte,Cruces,6.76,22.8,16.2,7.5,305,Nivel preocupante
2023-11-22,Estación Cruces Sur,Cruces,6.31,37.8,16.2,7.0,697,Alerta: contaminación fecal
2023-12-08,Estación San Pedro,San Pedro,7.17,7.7,19.1,8.2,54,Óptimo
2023-12-08,Estación Río Calle-Calle,Calle-Calle,6.94,12.0,20.0,8.0,161,Normal
2023-12-08,Estación Río Valdivia,Valdivia,6.92,16.6,20.5,8.0,176,Sedimentos presentes
2023-12-08,Estación Cruces Norte,Cruces,6.77,26.5,20.9,7.4,456,Nivel preocupante
2023-12-08,Estación Cruces Sur,Cruces,6.52,38.1,20.8,6.8,620,Alerta: contaminación fecal
2023-12-24,Estación San Pedro,San Pedro,7.4,6.5,20.3,8.6,92,Muy buena calidad
2023-12-24,Estación Río Calle-Calle,Calle-Calle,7.0,12.7,19.4,8.2,219,Aceptable
2023-12-24,Estación Río Valdivia,Valdivia,7.03,12.5,20.7,7.7,159,Normal
2023-12-24,Estación Cruces Norte,Cruces,6.78,25.5,19.5,7.2,446,Precaución: contaminación
2023-12-24,Estación Cruces Sur,Cruces,6.44,45,20.7,6.4,690,Alerta: coliformes críticos
2024-01-08,Estación San Pedro,San Pedro,7.44,6.8,18.2,8.4,94,Muy buena calidad
2024-01-08,Estación Río Calle-Calle,Calle-Calle,7.16,10.8,18.2,8.0,231,Normal
2024-01-08,Estación Río Valdivia,Valdivia,7.0,12.0,18.7,7.5,147,Dentro de parámetros
2024-01-08,Estación Cruces Norte,Cruces,7.02,23.5,18.0,7.6,436,Coliformes elevados
2024-01-08,Estación Cruces Sur,Cruces,6.3,45,18.2,6.9,900,Alerta: contaminación fecal
2024-01-24,Estación San Pedro,San Pedro,7.29,6.0,19.4,8.5,85,Óptimo
2024-01-24,Estación Río Calle-Calle,Calle-Calle,7.12,11.6,20.3,7.9,151,Dentro de parámetros
2024-01-24,Estación Río Valdivia,Valdivia,6.98,14.2,20.9,7.6,150,Dentro de parámetros
2024-01-24,Estación Cruces Norte,Cruces,6.99,23.0,20.2,7.3,379,Coliformes elevados
2024-01-24,Estación Cruces Sur,Cruces,6.71,35.0,20.6,6.7,785,Alerta: contaminación fecal
2024-02-08,Estación San Pedro,San Pedro,7.39,6.5,17.5,8.5,68,Excelente calidad
2024-02-08,Estación Río Calle-Calle,Calle-Calle,6.94,11.7,16.7,8.2,230,Dentro de parámetros
2024-02-08,Estación Río Valdivia,Valdivia,6.99,13.4,18.0,8.0,204,Dentro de parámetros
2024-02-08,Estación Cruces Norte,Cruces,6.67,22.0,17.4,7.5,451,Precaución: contaminación
2024-02-08,Estación Cruces Sur,Cruces,6.19,44.4,17.0,6.8,746,Alerta: contaminación fecal
2024-02-22,Estación San Pedro,San Pedro,7.22,7.1,17.1,8.2,66,Óptimo
2024-02-22,Estación Río Calle-Calle,Calle-Calle,7.11,15.0,18.0,7.9,161,Normal
2024-02-22,Estación Río Valdivia,Valdivia,6.96,14.1,17.8,7.6,220,Dentro de parámetros
2024-02-22,Estación Cruces Norte,Cruces,6.58,26.9,17.2,7.6,586,Alerta máxima
2024-02-22,Estación Cruces Sur,Cruces,6.39,34.5,18.1,6.5,758,Alerta: coliformes críticos
2024-03-08,Estación San Pedro,San Pedro,7.29,4.5,15.1,8.3,54,Excelente calidad
2024-03-08,Estación Río Calle-Calle,Calle-Calle,6.99,11.9,13.8,8.3,118,Dentro de parámetros
2024-03-08,Estación Río Valdivia,Valdivia,7.05,11.8,15.2,7.7,132,Normal
2024-03-08,Estación Cruces Norte,Cruces,6.77,17.4,14.5,7.7,430,Precaución: contaminación
2024-03-08,Estación Cruces Sur,Cruces,6.38,39.5,14.9,6.8,529,Alerta: coliformes críticos
2024-03-22,Estación San Pedro,San Pedro,7.45,5.8,16.2,8.7,51,Muy buena calidad
2024-03-22,Estación Río Calle-Calle,Calle-Calle,7.07,11.1,15.4,8.0,169,Normal
2024-03-22,Estación Río Valdivia,Valdivia,7.09,10.6,14.5,7.9,167,Dentro de parámetros
2024-03-22,Estación Cruces Norte,Cruces,6.85,18.6,15.8,7.4,443,Coliformes elevados
2024-03-22,Estación Cruces Sur,Cruces,6.25,35.8,14.8,7.1,864,Alerta máxima
2024-04-06,Estación San Pedro,San Pedro,7.27,4.5,10.9,8.4,44,Excelente calidad
2024-04-06,Estación Río Calle-Calle,Calle-Calle,7.2,11.1,11.6,8.3,151,Aceptable
2024-04-06,Estación Río Valdivia,Valdivia,7.14,11.0,11.9,8.0,175,Normal
2024-04-06,Estación Cruces Norte,Cruces,6.71,18.3,11.7,7.6,299,Leve turbidez
2024-04-06,Estación Cruces Sur,Cruces,6.59,26.7,12.0,7.0,536,Alerta: contaminación fecal
2024-04-21,Estación San Pedro,San Pedro,7.36,5.8,13.7,8.4,50,Óptimo
2024-04-21,Estación Río Calle-Calle,Calle-Calle,7.0,12.0,14.5,7.9,151,Dentro de parámetros
2024-04-21,Estación Río Valdivia,Valdivia,7.23,9.3,14.1,8.2,144,Normal
2024-04-21,Estación Cruces Norte,Cruces,6.64,18.9,13.3,7.4,313,Coliformes elevados
2024-04-21,Estación Cruces Sur,Cruces,6.38,27.5,12.6,6.5,583,Alerta: contaminación fecal
2024-05-06,Estación San Pedro,San Pedro,7.32,5.8,8.9,8.6,43,Muy buena calidad
2024-05-06,Estación Río Calle-Calle,Calle-Calle,7.16,8.7,9.0,8.2,146,Normal
2024-05-06,Estación Río Valdivia,Valdivia,6.93,12.7,9.8,8.0,190,Normal
2024-05-06,Estación Cruces Norte,Cruces,7.0,17.1,9.0,7.3,407,Nivel preocupante
2024-05-06,Estación Cruces Sur,Cruces,6.79,38.8,9.4,7.0,586,Alerta: coliformes críticos
2024-05-21,Estación San Pedro,San Pedro,7.19,4.5,10.7,8.4,55,Óptimo
2024-05-21,Estación Río Calle-Calle,Calle-Calle,7.28,11.2,10.6,8.1,181,Normal
2024-05-21,Estación Río Valdivia,Valdivia,7.18,13.1,11.4,8.0,178,Normal
2024-05-21,Estación Cruces Norte,Cruces,7.1,22.1,10.0,7.4,447,Precaución: contaminación
2024-05-21,Estación Cruces Sur,Cruces,6.4,30.9,10.7,7.0,783,Alerta: coliformes críticos
2024-06-04,Estación San Pedro,San Pedro,7.32,3.5,8.9,8.5,40,Óptimo
2024-06-04,Estación Río Calle-Calle,Calle-Calle,7.01,6.8,8.0,8.5,76,Excelente calidad
2024-06-04,Estación Río Valdivia,Valdivia,7.03,7.9,8.8,8.1,123,Normal
2024-06-04,Estación Cruces Norte,Cruces,6.69,13.6,7.4,7.9,306,Nivel preocupante
2024-06-04,Estación Cruces Sur,Cruces,6.42,18.8,8.3,6.9,603,Alerta máxima
2024-06-18,Estación San Pedro,San Pedro,7.42,4.3,7.4,8.6,40,Óptimo
2024-06-18,Estación Río Calle-Calle,Calle-Calle,7.24,8.4,6.6,8.2,96,Aceptable
2024-06-18,Estación Río Valdivia,Valdivia,7.07,6.5,7.2,7.8,115,Dentro de parámetros
2024-06-18,Estación Cruces Norte,Cruces,6.95,13.0,6.8,7.6,266,Dentro de parámetros
2024-06-18,Estación Cruces Sur,Cruces,6.33,20.1,7.8,7.0,605,Alerta: contaminación fecal
2024-07-04,Estación San Pedro,San Pedro,7.53,3,5.1,8.8,44,Óptimo
2024-07-04,Estación Río Calle-Calle,Calle-Calle,7.01,7.9,6.7,8.4,83,Muy buena calidad
2024-07-04,Estación Río Valdivia,Valdivia,7.13,8.1,5.4,8.1,99,Dentro de parámetros
2024-07-04,Estación Cruces Norte,Cruces,6.73,11.2,6.2,7.4,276,Normal
2024-07-04,Estación Cruces Sur,Cruces,6.7,26.3,5.6,6.9,446,Nivel preocupante
2024-07-18,Estación San Pedro,San Pedro,7.5,3.2,6.6,8.9,45,Excelente calidad
2024-07-18,Estación Río Calle-Calle,Calle-Calle,7.04,7.1,6.8,8.5,123,Normal
2024-07-18,Estación Río Valdivia,Valdivia,7.27,7.9,5.9,8.0,80,Óptimo
2024-07-18,Estación Cruces Norte,Cruces,6.83,15.1,7.7,7.6,179,Leve turbidez
2024-07-18,Estación Cruces Sur,Cruces,6.8,19.3,6.3,7.2,435,Precaución: contaminación
2024-08-01,Estación San Pedro,San Pedro,7.26,3.5,6.9,8.5,43,Muy buena calidad
2024-08-01,Estación Río Calle-Calle,Calle-Calle,6.98,7.0,7.5,8.5,88,Excelente calidad
2024-08-01,Estación Río Valdivia,Valdivia,7.25,8.7,7.6,8.2,108,Dentro de parámetros
2024-08-01,Estación Cruces Norte,Cruces,6.85,15.6,6.8,7.6,213,Sedimentos presentes
2024-08-01,Estación Cruces Sur,Cruces,6.74,20.2,7.7,6.7,467,Precaución: contaminación
2024-08-17,Estación San Pedro,San Pedro,7.27,3.7,10.1,8.5,40,Excelente calidad
2024-08-17,Estación Río Calle-Calle,Calle-Calle,6.99,6.2,10.7,8.5,94,Óptimo
2024-08-17,Estación Río Valdivia,Valdivia,6.95,7.1,9.5,7.8,85,Excelente calidad
2024-08-17,Estación Cruces Norte,Cruces,6.9,13.4,9.1,7.8,189,Aceptable
2024-08-17,Estación Cruces Sur,Cruces,6.68,20.0,10.3,7.2,430,Nivel preocupante
2024-09-01,Estación San Pedro,San Pedro,7.36,4.4,9.9,8.4,63,Óptimo
2024-09-01,Estación Río Calle-Calle,Calle-Calle,7.0,8.1,9.4,7.8,109,Aceptable
2024-09-01,Estación Río Valdivia,Valdivia,7.25,12.3,10.1,7.7,156,Normal
2024-09-01,Estación Cruces Norte,Cruces,6.99,17.7,10.5,7.2,380,Precaución: contaminación
2024-09-01,Estación Cruces Sur,Cruces,6.76,27.5,10.2,7.0,511,Alerta: contaminación fecal
2024-09-17,Estación San Pedro,San Pedro,7.44,5.7,8.8,8.6,74,Óptimo
2024-09-17,Estación Río Calle-Calle,Calle-Calle,7.08,9.5,10.4,8.2,100,Normal
2024-09-17,Estación Río Valdivia,Valdivia,6.94,11.7,9.6,8.1,166,Normal
2024-09-17,Estación Cruces Norte,Cruces,6.82,20.8,10.1,7.7,404,Nivel preocupante
2024-09-17,Estación Cruces Sur,Cruces,6.42,33.2,9.4,7.0,766,Alerta: contaminación fecal
2024-10-01,Estación San Pedro,San Pedro,7.24,5.2,14.2,8.9,66,Excelente calidad
2024-10-01,Estación Río Calle-Calle,Calle-Calle,7.07,8.6,14.8,8.0,109,Aceptable
2024-10-01,Estación Río Valdivia,Valdivia,7.16,10.1,13.8,7.8,164,Dentro de parámetros
2024-10-01,Estación Cruces Norte,Cruces,6.97,16.0,13.9,7.6,251,Leve turbidez
2024-10-01,Estación Cruces Sur,Cruces,6.41,27.4,14.7,7.0,783,Alerta: coliformes críticos
2024-10-15,Estación San Pedro,San Pedro,7.21,5.1,13.5,8.5,76,Excelente calidad
2024-10-15,Estación Río Calle-Calle,Calle-Calle,6.95,9.7,13.4,8.3,160,Normal
2024-10-15,Estación Río Valdivia,Valdivia,7.16,12.2,13.4,7.7,179,Aceptable
2024-10-15,Estación Cruces Norte,Cruces,6.86,21.2,14.7,7.4,416,Coliformes elevados
2024-10-15,Estación Cruces Sur,Cruces,6.72,34.2,14.5,6.8,555,Alerta: contaminación fecal
2024-10-31,Estación San Pedro,San Pedro,7.32,4.4,11.5,8.3,58,Excelente calidad
2024-10-31,Estación Río Calle-Calle,Calle-Calle,7.24,10.0,12.7,7.9,128,Aceptable
2024-10-31,Estación Río Valdivia,Valdivia,6.85,9.0,11.4,8.0,153,Normal
2024-10-31,Estación Cruces Norte,Cruces,6.89,15.9,12.5,7.2,319,Nivel preocupante
2024-10-31,Estación Cruces Sur,Cruces,6.52,32.0,12.2,6.7,608,Alerta: contaminación fecal
2024-11-14,Estación San Pedro,San Pedro,7.48,4.3,15.0,8.4,71,Óptimo
2024-11-14,Estación Río Calle-Calle,Calle-Calle,7.0,8.6,13.9,8.3,166,Dentro de parámetros
2024-11-14,Estación Río Valdivia,Valdivia,7.08,8.9,14.6,8.0,155,Normal
2024-11-14,Estación Cruces Norte,Cruces,6.81,17.2,14.8,7.6,431,Nivel preocupante
2024-11-14,Estación Cruces Sur,Cruces,6.63,31.0,14.3,7.0,486,Nivel preocupante
2024-11-28,Estación San Pedro,San Pedro,7.4,6.2,16.9,8.9,72,Excelente calidad
2024-11-28,Estación Río Calle-Calle,Calle-Calle,7.25,11.5,15.5,8.1,111,Aceptable
2024-11-28,Estación Río Valdivia,Valdivia,7.01,9.9,15.8,8.0,146,Normal
2024-11-28,Estación Cruces Norte,Cruces,7.05,19.5,15.1,7.7,370,Coliformes elevados
2024-11-28,Estación Cruces Sur,Cruces,6.65,27.3,15.7,6.9,690,Alerta máxima
2024-12-12,Estación San Pedro,San Pedro,7.44,8.0,18.0,8.3,72,Aceptable
2024-12-12,Estación Río Calle-Calle,Calle-Calle,7.11,13.1,17.8,7.9,137,Aceptable
2024-12-12,Estación Río Valdivia,Valdivia,6.83,12.1,16.3,7.9,268,Aceptable
2024-12-12,Estación Cruces Norte,Cruces,6.98,30.4,16.6,7.5,351,Nivel preocupante
2024-12-12,Estación Cruces Sur,Cruces,6.66,45,17.6,6.9,900,Alerta máxima
2024-12-26,Estación San Pedro,San Pedro,7.28,7.7,19.5,8.4,95,Óptimo
2024-12-26,Estación Río Calle-Calle,Calle-Calle,6.96,11.1,20.1,8.2,198,Aceptable
2024-12-26,Estación Río Valdivia,Valdivia,7.0,16.6,20.9,7.9,181,Leve turbidez
2024-12-26,Estación Cruces Norte,Cruces,6.86,25.9,20.1,7.5,438,Nivel preocupante
2024-12-26,Estación Cruces Sur,Cruces,6.42,45,19.3,6.9,880,Alerta: contaminación fecal
2025-01-09,Estación San Pedro,San Pedro,7.19,5.5,17.5,8.2,56,Óptimo
2025-01-09,Estación Río Calle-Calle,Calle-Calle,7.08,13.7,17.8,8.0,156,Dentro de parámetros
2025-01-09,Estación Río Valdivia,Valdivia,7.07,16.6,18.0,8.0,197,Sedimentos presentes
2025-01-09,Estación Cruces Norte,Cruces,6.79,22.0,17.6,7.6,542,Alerta: contaminación fecal
2025-01-09,Estación Cruces Sur,Cruces,6.62,45,17.7,6.9,900,Alerta: coliformes críticos
2025-01-23,Estación San Pedro,San Pedro,7.15,6.5,21.8,8.4,99,Óptimo
2025-01-23,Estación Río Calle-Calle,Calle-Calle,7.2,13.5,21.1,8.2,146,Aceptable
2025-01-23,Estación Río Valdivia,Valdivia,7.0,11.6,22.1,7.6,201,Normal
2025-01-23,Estación Cruces Norte,Cruces,6.77,29.6,20.9,7.2,364,Precaución: contaminación
2025-01-23,Estación Cruces Sur,Cruces,6.35,41.4,21.9,6.8,692,Alerta: coliformes críticos
2025-02-07,Estación San Pedro,San Pedro,7.38,5.6,18.2,8.5,88,Muy buena calidad
2025-02-07,Estación Río Calle-Calle,Calle-Calle,6.98,15.1,17.3,7.8,153,Leve turbidez
2025-02-07,Estación Río Valdivia,Valdivia,6.89,11.8,18.5,7.9,155,Aceptable
2025-02-07,Estación Cruces Norte,Cruces,6.73,26.6,18.6,7.6,468,Nivel preocupante
2025-02-07,Estación Cruces Sur,Cruces,6.44,45,18.9,6.5,754,Alerta: contaminación fecal
2025-02-21,Estación San Pedro,San Pedro,7.33,8.1,16.4,8.3,56,Aceptable
2025-02-21,Estación Río Calle-Calle,Calle-Calle,7.01,11.1,16.6,8.1,154,Normal
2025-02-21,Estación Río Valdivia,Valdivia,6.99,16.4,18.1,7.8,224,Sedimentos presentes
2025-02-21,Estación Cruces Norte,Cruces,6.65,29.7,18.1,7.2,550,Alerta: contaminación fecal
2025-02-21,Estación Cruces Sur,Cruces,6.32,42.3,17.4,6.8,900,Alerta máxima
2025-03-07,Estación San Pedro,San Pedro,7.27,4.5,17.6,8.4,65,Óptimo
2025-03-07,Estación Río Calle-Calle,Calle-Calle,7.04,8.3,18.2,8.4,115,Dentro de parámetros
2025-03-07,Estación Río Valdivia,Valdivia,6.88,10.0,18.6,7.7,135,Dentro de parámetros
2025-03-07,Estación Cruces Norte,Cruces,7.06,21.9,18.1,7.7,355,Nivel preocupante
2025-03-07,Estación Cruces Sur,Cruces,6.59,37.2,17.8,6.6,570,Alerta: coliformes críticos
2025-03-22,Estación San Pedro,San Pedro,7.5,4.8,14.6,8.4,66,Óptimo
2025-03-22,Estación Río Calle-Calle,Calle-Calle,7.19,9.5,14.5,7.9,143,Aceptable
2025-03-22,Estación Río Valdivia,Valdivia,7.0,9.6,15.0,7.9,116,Aceptable
2025-03-22,Estación Cruces Norte,Cruces,7.03,17.6,16.0,7.3,419,Coliformes elevados
2025-03-22,Estación Cruces Sur,Cruces,6.6,37.5,14.8,7.0,531,Alerta: contaminación fecal
2025-04-07,Estación San Pedro,San Pedro,7.41,4.6,12.9,8.5,77,Excelente calidad
2025-04-07,Estación Río Calle-Calle,Calle-Calle,6.96,8.0,12.6,7.8,157,Dentro de parámetros
2025-04-07,Estación Río Valdivia,Valdivia,7.23,12.1,14.2,7.8,125,Dentro de parámetros
2025-04-07,Estación Cruces Norte,Cruces,6.63,19.0,14.0,7.4,311,Coliformes elevados
2025-04-07,Estación Cruces Sur,Cruces,6.45,27.3,14.0,7.0,649,Alerta: coliformes críticos
2025-04-23,Estación San Pedro,San Pedro,7.44,4.7,10.6,8.7,74,Óptimo
2025-04-23,Estación Río Calle-Calle,Calle-Calle,6.98,11.3,11.1,8.2,101,Dentro de parámetros
2025-04-23,Estación Río Valdivia,Valdivia,6.9,9.9,11.9,8.2,150,Aceptable
2025-04-23,Estación Cruces Norte,Cruces,7.05,16.4,10.8,7.4,384,Nivel preocupante
2025-04-23,Estación Cruces Sur,Cruces,6.29,34.0,11.0,7.0,778,Alerta: coliformes críticos
2025-05-09,Estación San Pedro,San Pedro,7.3,4.9,11.6,8.5,42,Óptimo
2025-05-09,Estación Río Calle-Calle,Calle-Calle,6.95,8.1,10.9,8.3,168,Normal
2025-05-09,Estación Río Valdivia,Valdivia,7.14,12.2,10.9,7.6,195,Aceptable
2025-05-09,Estación Cruces Norte,Cruces,6.76,20.1,10.7,7.6,318,Precaución: contaminación
2025-05-09,Estación Cruces Sur,Cruces,6.58,37.9,10.2,6.6,764,Alerta: coliformes críticos
2025-05-24,Estación San Pedro,San Pedro,7.2,5.3,10.2,8.9,43,Excelente calidad
2025-05-24,Estación Río Calle-Calle,Calle-Calle,7.21,8.3,10.7,8.4,168,Aceptable
2025-05-24,Estación Río Valdivia,Valdivia,6.91,10.3,10.4,8.2,194,Normal
2025-05-24,Estación Cruces Norte,Cruces,6.95,20.7,10.9,7.4,403,Precaución: contaminación
2025-05-24,Estación Cruces Sur,Cruces,6.39,37.2,10.7,6.6,621,Alerta: coliformes críticos
2025-06-07,Estación San Pedro,San Pedro,7.37,3.5,8.5,8.6,40,Óptimo
2025-06-07,Estación Río Calle-Calle,Calle-Calle,7.02,6.3,7.4,8.3,107,Normal
2025-06-07,Estación Río Valdivia,Valdivia,7.02,8.2,8.0,7.8,125,Normal
2025-06-07,Estación Cruces Norte,Cruces,7.09,11.3,8.2,7.6,228,Normal
2025-06-07,Estación Cruces Sur,Cruces,6.38,25.9,8.7,7.0,473,Coliformes elevados
2025-06-22,Estación San Pedro,San Pedro,7.49,3.4,9.7,8.9,40,Excelente calidad
2025-06-22,Estación Río Calle-Calle,Calle-Calle,7.15,6.0,9.0,8.0,85,Muy buena calidad
2025-06-22,Estación Río Valdivia,Valdivia,7.24,8.6,10.7,8.0,129,Aceptable
2025-06-22,Estación Cruces Norte,Cruces,6.72,14.3,10.6,7.5,306,Precaución: contaminación
2025-06-22,Estación Cruces Sur,Cruces,6.6,22.3,8.9,7.0,610,Alerta: coliformes críticos
2025-07-07,Estación San Pedro,San Pedro,7.54,4.2,8.1,8.9,50,Óptimo
2025-07-07,Estación Río Calle-Calle,Calle-Calle,7.28,7.8,7.0,8.0,102,Dentro de parámetros
2025-07-07,Estación Río Valdivia,Valdivia,6.91,9.2,6.5,8.0,143,Aceptable
2025-07-07,Estación Cruces Norte,Cruces,6.96,12.7,7.3,7.5,266,Normal
2025-07-07,Estación Cruces Sur,Cruces,6.3,24.8,7.4,7.2,395,Nivel preocupante
2025-07-22,Estación San Pedro,San Pedro,7.4,4.0,7.3,8.7,40,Excelente calidad
2025-07-22,Estación Río Calle-Calle,Calle-Calle,7.1,7.3,6.4,8.1,96,Muy buena calidad
2025-07-22,Estación Río Valdivia,Valdivia,7.12,6.5,6.4,7.9,92,Óptimo
2025-07-22,Estación Cruces Norte,Cruces,7.12,11.8,7.3,7.8,284,Dentro de parámetros
2025-07-22,Estación Cruces Sur,Cruces,6.34,25.8,7.0,6.7,574,Alerta máxima
2025-08-06,Estación San Pedro,San Pedro,7.38,4.1,9.9,8.6,40,Óptimo
2025-08-06,Estación Río Calle-Calle,Calle-Calle,7.07,6.0,9.5,8.3,75,Óptimo
2025-08-06,Estación Río Valdivia,Valdivia,7.15,8.8,8.8,8.2,128,Dentro de parámetros
2025-08-06,Estación Cruces Norte,Cruces,6.71,12.9,9.0,7.9,207,Dentro de parámetros
2025-08-06,Estación Cruces Sur,Cruces,6.66,24.0,9.5,7.1,403,Precaución: contaminación
2025-08-21,Estación San Pedro,San Pedro,7.29,3.8,10.2,8.8,40,Excelente calidad
2025-08-21,Estación Río Calle-Calle,Calle-Calle,7.0,6.7,9.5,8.0,111,Aceptable
2025-08-21,Estación Río Valdivia,Valdivia,7.2,7.9,9.4,8.3,102,Dentro de parámetros
2025-08-21,Estación Cruces Norte,Cruces,6.71,12.4,9.6,7.7,277,Aceptable
2025-08-21,Estación Cruces Sur,Cruces,6.75,26.2,10.1,6.7,471,Precaución: contaminación
2025-09-05,Estación San Pedro,San Pedro,7.3,5.9,10.9,8.9,49,Excelente calidad
2025-09-05,Estación Río Calle-Calle,Calle-Calle,7.15,8.9,9.8,8.3,104,Normal
2025-09-05,Estación Río Valdivia,Valdivia,7.01,10.8,9.9,7.7,198,Aceptable
2025-09-05,Estación Cruces Norte,Cruces,6.61,17.8,10.4,7.6,444,Coliformes elevados
2025-09-05,Estación Cruces Sur,Cruces,6.73,36.1,10.5,6.7,667,Alerta máxima
2025-09-21,Estación San Pedro,San Pedro,7.25,5.3,11.5,8.8,56,Óptimo
2025-09-21,Estación Río Calle-Calle,Calle-Calle,7.26,8.3,11.6,8.3,176,Aceptable
2025-09-21,Estación Río Valdivia,Valdivia,7.13,11.4,11.9,8.0,114,Dentro de parámetros
2025-09-21,Estación Cruces Norte,Cruces,6.69,22.5,11.5,7.6,271,Sedimentos elevados
2025-09-21,Estación Cruces Sur,Cruces,6.78,31.2,12.9,7.0,756,Alerta: contaminación fecal
2025-10-06,Estación San Pedro,San Pedro,7.23,4.2,15.5,8.5,61,Óptimo
2025-10-06,Estación Río Calle-Calle,Calle-Calle,7.05,9.0,15.3,8.0,134,Normal
2025-10-06,Estación Río Valdivia,Valdivia,7.07,9.4,14.4,8.2,182,Normal
2025-10-06,Estación Cruces Norte,Cruces,6.87,15.8,13.6,7.3,388,Precaución: contaminación
2025-10-06,Estación Cruces Sur,Cruces,6.31,35.4,15.3,6.9,744,Alerta: coliformes críticos
2025-10-21,Estación San Pedro,San Pedro,7.41,6.2,13.8,8.6,52,Muy buena calidad
2025-10-21,Estación Río Calle-Calle,Calle-Calle,7.19,9.4,14.2,8.3,148,Dentro de parámetros
2025-10-21,Estación Río Valdivia,Valdivia,7.23,10.8,12.6,7.8,151,Normal
2025-10-21,Estación Cruces Norte,Cruces,6.89,22.6,13.6,7.7,387,Coliformes elevados
2025-10-21,Estación Cruces Sur,Cruces,6.24,36.4,14.2,6.6,848,Alerta: contaminación fecal
2025-11-04,Estación San Pedro,San Pedro,7.46,4.3,13.6,8.5,70,Muy buena calidad
2025-11-04,Estación Río Calle-Calle,Calle-Calle,6.95,8.9,13.6,8.0,109,Dentro de parámetros
2025-11-04,Estación Río Valdivia,Valdivia,7.11,10.7,13.4,7.6,145,Normal
2025-11-04,Estación Cruces Norte,Cruces,7.09,21.9,14.7,7.4,284,Sedimentos elevados
2025-11-04,Estación Cruces Sur,Cruces,6.37,37.5,14.8,7.0,759,Alerta máxima
2025-11-18,Estación San Pedro,San Pedro,7.3,6.0,13.8,8.3,75,Óptimo
2025-11-18,Estación Río Calle-Calle,Calle-Calle,6.94,8.2,14.8,7.8,181,Dentro de parámetros
2025-11-18,Estación Río Valdivia,Valdivia,7.19,10.0,14.8,8.0,158,Dentro de parámetros
2025-11-18,Estación Cruces Norte,Cruces,6.73,17.7,15.2,7.3,361,Coliformes elevados
2025-11-18,Estación Cruces Sur,Cruces,6.67,38.5,14.6,6.6,572,Alerta: coliformes críticos
2025-12-04,Estación San Pedro,San Pedro,7.36,5.6,17.7,8.6,97,Muy buena calidad
2025-12-04,Estación Río Calle-Calle,Calle-Calle,6.94,13.6,18.4,8.2,141,Normal
2025-12-04,Estación Río Valdivia,Valdivia,7.06,12.5,17.1,8.0,149,Normal
2025-12-04,Estación Cruces Norte,Cruces,6.6,24.1,17.1,7.3,363,Nivel preocupante
2025-12-04,Estación Cruces Sur,Cruces,6.73,35.9,18.0,6.9,900,Alerta máxima
2025-12-18,Estación San Pedro,San Pedro,7.44,5.9,19.6,8.5,64,Excelente calidad
2025-12-18,Estación Río Calle-Calle,Calle-Calle,7.02,14.5,20.8,8.2,224,Normal
2025-12-18,Estación Río Valdivia,Valdivia,7.03,14.7,20.3,7.8,210,Aceptable
2025-12-18,Estación Cruces Norte,Cruces,6.65,22.7,19.7,7.4,430,Nivel preocupante
2025-12-18,Estación Cruces Sur,Cruces,6.71,45,20.6,6.7,900,Alerta: contaminación fecal
2026-01-03,Estación San Pedro,San Pedro,7.4,5.9,22.3,8.3,54,Óptimo
2026-01-03,Estación Río Calle-Calle,Calle-Calle,6.9,13.9,21.7,7.7,231,Normal
2026-01-03,Estación Río Valdivia,Valdivia,7.13,16.8,20.8,7.5,190,Sedimentos presentes
2026-01-03,Estación Cruces Norte,Cruces,7.03,30.2,21.9,7.6,353,Precaución: contaminación
2026-01-03,Estación Cruces Sur,Cruces,6.15,41.0,20.6,6.4,900,Alerta máxima
2026-01-19,Estación San Pedro,San Pedro,7.22,6.5,19.5,8.6,83,Muy buena calidad
2026-01-19,Estación Río Calle-Calle,Calle-Calle,6.97,13.8,20.0,7.7,209,Aceptable
2026-01-19,Estación Río Valdivia,Valdivia,6.87,13.7,19.6,7.6,171,Normal
2026-01-19,Estación Cruces Norte,Cruces,6.72,28.3,20.5,7.4,440,Precaución: contaminación
2026-01-19,Estación Cruces Sur,Cruces,6.33,38.0,19.9,6.7,765,Alerta: coliformes críticos
